,precision,recall,f1-score
0,0.39394,0.38235,0.38806
1,0.42857,0.12000,0.18750
2,0.84615,0.37931,0.52381
3,0.60422,0.76333,0.67452
4,0.47525,0.34286,0.39834
5,0.40000,0.46067,0.42820
6,0.33333,0.11765,0.17391
7,0.31395,0.20930,0.25116
8,0.47059,0.28571,0.35556
9,0.54032,0.39181,0.45424
10,0.74359,0.38158,0.50435
11,0.46212,0.32620,0.38245
12,0.55172,0.46602,0.50526
13,0.56910,0.88644,0.69317
14,0.41463,0.21519,0.28333
15,0.25000,0.20000,0.22222
16,0.48092,0.47727,0.47909
17,0.57534,0.54194,0.55814
18,0.36364,0.08696,0.14035
19,0.43165,0.51948,0.47151
20,0.60328,0.58786,0.59547
21,0.00000,0.00000,0.00000
22,0.33138,0.26969,0.29737
accuracy,0.51373
macro avg,0.46016,0.36572,0.38991
preprocessing avg time,17.10972
experiment avg time,56.33258
total avg time,73.44231
runs,3
k,5
dataset,Ohsumed
